{"cameraMode":{"drawMode":0,"name":"Shaded","section":"Shading Mode"},"sceneLighting":true,"audioPlay":false,"sceneViewState":{"showFog":true,"showMaterialUpdate":false,"showSkybox":true,"showFlares":true,"showImageEffects":true,"showParticleSystems":true},"in2DMode":false,"pivot":{"x":-3.9684336185455324,"y":-0.43105316162109377,"z":-0.6662769317626953},"rotation":{"x":-0.460727334022522,"y":-0.0008020064560696483,"z":0.0004153379995841533,"w":-0.8875537514686585},"size":35.33188247680664,"orthographic":false}